{"cameraMode":{"drawMode":0,"name":"Shaded","section":"Shading Mode"},"sceneLighting":true,"audioPlay":false,"sceneViewState":{"showFog":true,"showMaterialUpdate":false,"showSkybox":true,"showFlares":true,"showImageEffects":true,"showParticleSystems":true},"in2DMode":false,"pivot":{"x":1.3486328125,"y":2.060089111328125,"z":-7.743896484375},"rotation":{"x":0.3931095004081726,"y":0.32833826541900637,"z":-0.15268351137638093,"w":0.8452697396278381},"size":606.2177734375,"orthographic":false}